{
  "dashboard_metrics": {
    "total_records": 704753890,
    "valid_records": 682630492,
    "active_alerts": 22123398,
    "data_quality": 95.7,
    "latest_ingestion": {
      "timestamp": "2026-02-08T20:52:17.205535Z",
      "records_processed": 704753890,
      "success_rate": 0.9570000000000001
    }
  },
  "chart_data": {
    "labels": [
      "1/9/23",
      "1/10/23",
      "1/11/23",
      "1/12/23",
      "1/13/23",
      "1/14/23",
      "1/15/23",
      "1/16/23",
      "1/17/23",
      "1/18/23",
      "1/19/23",
      "1/20/23",
      "1/21/23",
      "1/22/23",
      "1/23/23",
      "1/24/23",
      "1/25/23",
      "1/26/23",
      "1/27/23",
      "1/28/23",
      "1/29/23",
      "1/30/23",
      "1/31/23",
      "2/1/23",
      "2/2/23",
      "2/3/23",
      "2/4/23",
      "2/5/23",
      "2/6/23",
      "2/7/23",
      "2/8/23",
      "2/9/23",
      "2/10/23",
      "2/11/23",
      "2/12/23",
      "2/13/23",
      "2/14/23",
      "2/15/23",
      "2/16/23",
      "2/17/23",
      "2/18/23",
      "2/19/23",
      "2/20/23",
      "2/21/23",
      "2/22/23",
      "2/23/23",
      "2/24/23",
      "2/25/23",
      "2/26/23",
      "2/27/23",
      "2/28/23",
      "3/1/23",
      "3/2/23",
      "3/3/23",
      "3/4/23",
      "3/5/23",
      "3/6/23",
      "3/7/23",
      "3/8/23",
      "3/9/23"
    ],
    "datasets": [
      {
        "label": "Total Cases",
        "data": [
          664718936,
          665113877,
          665620426,
          666097539,
          666533383,
          666754735,
          666951599,
          667166217,
          667518310,
          667896028,
          668220526,
          668562246,
          668715650,
          668830077,
          669001131,
          669272951,
          669567171,
          669848920,
          670086844,
          670220207,
          670344054,
          670503932,
          670734589,
          671032404,
          671291489,
          671529548,
          671632287,
          671721476,
          671867463,
          672065240,
          672295338,
          672554241,
          672696324,
          672828531,
          672906177,
          673044131,
          673237731,
          673477639,
          673685532,
          673878833,
          673969796,
          674056229,
          674143589,
          674323721,
          674569824,
          674790916,
          674933342,
          674978793,
          675044414,
          675171439,
          675322238,
          675542852,
          675731911,
          675914580,
          675968775,
          676024901,
          676082941,
          676213378,
          676392824,
          676570149
        ],
        "borderColor": "rgb(59, 130, 246)",
        "backgroundColor": "rgba(59, 130, 246, 0.1)",
        "tension": 0.4,
        "fill": true
      },
      {
        "label": "Deaths",
        "data": [
          6711921,
          6714281,
          6717557,
          6720999,
          6723980,
          6724994,
          6785897,
          6787220,
          6789239,
          6792400,
          6796012,
          6799459,
          6812953,
          6813633,
          6815188,
          6817236,
          6819539,
          6822660,
          6824464,
          6831519,
          6832256,
          6833468,
          6835338,
          6838027,
          6840771,
          6843097,
          6847046,
          6847646,
          6848667,
          6849942,
          6851942,
          6854280,
          6855413,
          6856046,
          6856419,
          6857217,
          6858411,
          6859933,
          6862019,
          6863873,
          6864248,
          6864711,
          6865287,
          6866088,
          6867909,
          6869817,
          6870806,
          6871024,
          6871268,
          6871808,
          6872682,
          6874463,
          6876031,
          6877325,
          6877601,
          6877749,
          6878115,
          6879038,
          6880483,
          6881802
        ],
        "borderColor": "rgb(239, 68, 68)",
        "backgroundColor": "rgba(239, 68, 68, 0.1)",
        "tension": 0.4,
        "fill": false
      },
      {
        "label": "Recovered",
        "data": [
          0,
          0,
          0,
          0,
          0,
          0,
          0,
          0,
          0,
          0,
          0,
          0,
          0,
          0,
          0,
          0,
          0,
          0,
          0,
          0,
          0,
          0,
          0,
          0,
          0,
          0,
          0,
          0,
          0,
          0,
          0,
          0,
          0,
          0,
          0,
          0,
          0,
          0,
          0,
          0,
          0,
          0,
          0,
          0,
          0,
          0,
          0,
          0,
          0,
          0,
          0,
          0,
          0,
          0,
          0,
          0,
          0,
          0,
          0,
          0
        ],
        "borderColor": "rgb(34, 197, 94)",
        "backgroundColor": "rgba(34, 197, 94, 0.1)",
        "tension": 0.4,
        "fill": false
      }
    ]
  },
  "map_data": [
    {
      "country": "USA",
      "lat": 0,
      "lng": 0,
      "cases": 0,
      "deaths": 0,
      "recovered": 0,
      "todayCases": 0,
      "riskScore": 22.4,
      "severity": "LOW"
    },
    {
      "country": "India",
      "lat": 0,
      "lng": 0,
      "cases": 0,
      "deaths": 0,
      "recovered": 0,
      "todayCases": 0,
      "riskScore": 9.0,
      "severity": "LOW"
    },
    {
      "country": "France",
      "lat": 0,
      "lng": 0,
      "cases": 0,
      "deaths": 0,
      "recovered": 0,
      "todayCases": 0,
      "riskScore": 8.0,
      "severity": "LOW"
    },
    {
      "country": "Germany",
      "lat": 0,
      "lng": 0,
      "cases": 0,
      "deaths": 0,
      "recovered": 0,
      "todayCases": 0,
      "riskScore": 7.8,
      "severity": "LOW"
    },
    {
      "country": "Brazil",
      "lat": 0,
      "lng": 0,
      "cases": 0,
      "deaths": 0,
      "recovered": 0,
      "todayCases": 0,
      "riskScore": 7.7,
      "severity": "LOW"
    },
    {
      "country": "S. Korea",
      "lat": 0,
      "lng": 0,
      "cases": 0,
      "deaths": 0,
      "recovered": 0,
      "todayCases": 0,
      "riskScore": 6.9,
      "severity": "LOW"
    },
    {
      "country": "Japan",
      "lat": 0,
      "lng": 0,
      "cases": 0,
      "deaths": 0,
      "recovered": 0,
      "todayCases": 0,
      "riskScore": 6.8,
      "severity": "LOW"
    },
    {
      "country": "Italy",
      "lat": 0,
      "lng": 0,
      "cases": 0,
      "deaths": 0,
      "recovered": 0,
      "todayCases": 0,
      "riskScore": 5.3,
      "severity": "LOW"
    },
    {
      "country": "UK",
      "lat": 0,
      "lng": 0,
      "cases": 0,
      "deaths": 0,
      "recovered": 0,
      "todayCases": 0,
      "riskScore": 5.0,
      "severity": "LOW"
    },
    {
      "country": "Russia",
      "lat": 0,
      "lng": 0,
      "cases": 0,
      "deaths": 0,
      "recovered": 0,
      "todayCases": 0,
      "riskScore": 4.8,
      "severity": "LOW"
    }
  ],
  "alerts": {
    "critical_count": 0,
    "warning_count": 0,
    "info_count": 0,
    "alerts": [],
    "total_active": 0
  },
  "predictions": {
    "forecast": [
      {
        "day": 1,
        "predicted_cases": 2300000,
        "confidence": 0.95,
        "severity": "CRITICAL"
      },
      {
        "day": 2,
        "predicted_cases": 2125000,
        "confidence": 0.92,
        "severity": "CRITICAL"
      },
      {
        "day": 3,
        "predicted_cases": 2450000,
        "confidence": 0.89,
        "severity": "CRITICAL"
      },
      {
        "day": 4,
        "predicted_cases": 2625000,
        "confidence": 0.85,
        "severity": "HIGH"
      },
      {
        "day": 5,
        "predicted_cases": 2475000,